<environmentvariabledefinition schemaname="bd_RequestMSTeamsSPOapproverslist">
  <apiid>/providers/microsoft.powerapps/apis/shared_sharepointonline</apiid>
  <displayname default="RequestMSTeams-SPOapproverslist">
    <label description="RequestMSTeams-SPOapproverslist" languagecode="1033" />
  </displayname>
  <introducedversion>1.0.0.0</introducedversion>
  <iscustomizable>1</iscustomizable>
  <isrequired>0</isrequired>
  <parameterkey>table</parameterkey>
  <parentdefinitionid>
    <schemaname>bd_RequestMSTeamsSPOsite</schemaname>
  </parentdefinitionid>
  <secretstore>0</secretstore>
  <type>100000004</type>
</environmentvariabledefinition>