{
  "properties": {
    "connectionReferences": {
      "shared_approvals": {
        "runtimeSource": "embedded",
        "connection": {
          "connectionReferenceLogicalName": "bd_sharedapprovals_af6c0"
        },
        "api": {
          "name": "shared_approvals"
        }
      },
      "shared_teams-1": {
        "runtimeSource": "embedded",
        "connection": {
          "connectionReferenceLogicalName": "bd_sharedteams_73012"
        },
        "api": {
          "name": "shared_teams"
        }
      },
      "shared_office365": {
        "runtimeSource": "embedded",
        "connection": {
          "connectionReferenceLogicalName": "bd_sharedoffice365_926eb"
        },
        "api": {
          "name": "shared_office365"
        }
      },
      "shared_sharepointonline_1": {
        "runtimeSource": "embedded",
        "connection": {
          "connectionReferenceLogicalName": "bd_sharedsharepointonline_24e20"
        },
        "api": {
          "name": "shared_sharepointonline"
        }
      },
      "shared_office365users": {
        "runtimeSource": "embedded",
        "connection": {
          "connectionReferenceLogicalName": "bd_sharedoffice365users_37749"
        },
        "api": {
          "name": "shared_office365users"
        }
      }
    },
    "definition": {
      "$schema": "https://schema.management.azure.com/providers/Microsoft.Logic/schemas/2016-06-01/workflowdefinition.json#",
      "contentVersion": "1.0.0.0",
      "parameters": {
        "$connections": {
          "defaultValue": {},
          "type": "Object"
        },
        "$authentication": {
          "defaultValue": {},
          "type": "SecureObject"
        },
        "RequestMSTeams-SPOsite (bd_RequestMSTeamsSPOsite)": {
          "defaultValue": "https://bluedemo.sharepoint.com",
          "type": "String",
          "metadata": {
            "schemaName": "bd_RequestMSTeamsSPOsite",
            "description": "SPO site"
          }
        },
        "RequestMSTeams-SPOlist (bd_RequestMSTeamsSPOlist)": {
          "defaultValue": "8e776703-dc78-4ecc-b491-0e78a157bf4a",
          "type": "String",
          "metadata": {
            "schemaName": "bd_RequestMSTeamsSPOlist",
            "description": "SPO list"
          }
        },
        "RequestMSTeams-SPOrootURL (bd_RequestMSTeamsSPOrootURL)": {
          "defaultValue": "https://bluedemo.sharepoint.com",
          "type": "String",
          "metadata": {
            "schemaName": "bd_RequestMSTeamsSPOrootURL",
            "description": "https://<tenant>.sharepoint.com"
          }
        },
        "RequestMSTeams-SPOTenantSite (bd_RequestMSTeamsSPOTenantSite)": {
          "defaultValue": "https://bluedemo-admin.sharepoint.com",
          "type": "String",
          "metadata": {
            "schemaName": "bd_RequestMSTeamsSPOTenantSite",
            "description": "https://<tenant>-admin.sharepoint.com"
          }
        }
      },
      "triggers": {
        "When_a_request_is_created_": {
          "recurrence": {
            "interval": 1,
            "frequency": "Minute"
          },
          "splitOn": "@triggerOutputs()?['body/value']",
          "metadata": {
            "operationMetadataId": "c1ba6777-8291-47bc-9e63-aff916200f86"
          },
          "type": "OpenApiConnection",
          "inputs": {
            "host": {
              "connectionName": "shared_sharepointonline_1",
              "operationId": "GetOnNewItems",
              "apiId": "/providers/Microsoft.PowerApps/apis/shared_sharepointonline"
            },
            "parameters": {
              "dataset": "@parameters('RequestMSTeams-SPOsite (bd_RequestMSTeamsSPOsite)')",
              "table": "@parameters('RequestMSTeams-SPOlist (bd_RequestMSTeamsSPOlist)')"
            },
            "authentication": "@parameters('$authentication')"
          }
        }
      },
      "actions": {
        "Start_and_wait_for_an_approval_by_IT": {
          "runAfter": {
            "InitVarQuotaWarning": [
              "Succeeded"
            ]
          },
          "metadata": {
            "operationMetadataId": "588c5e5e-ce57-4e14-9572-3a1a1796d76e"
          },
          "type": "OpenApiConnectionWebhook",
          "inputs": {
            "host": {
              "connectionName": "shared_approvals",
              "operationId": "StartAndWaitForAnApproval",
              "apiId": "/providers/Microsoft.PowerApps/apis/shared_approvals"
            },
            "parameters": {
              "approvalType": "Sequential",
              "WebhookApprovalCreationInput/title": "@{triggerBody()?['RequestType']} - @{triggerBody()?['Title']} request",
              "WebhookApprovalCreationInput/steps": [
                {
                  "assignedTo": "@{outputs('Get_manager_(V2)')?['body/mail']};"
                },
                {
                  "assignedTo": "@{triggerOutputs()?['body/ApproverEmail']};"
                }
              ],
              "WebhookApprovalCreationInput/details": "GBNew request for Teams or SPO site has been submitted:\n- **Title:** @{triggerOutputs()?['body/GroupPrefix/Value']}@{triggerOutputs()?['body/Title']}\n- **Business reason:** @{triggerOutputs()?['body/Businessjustification']}\n- **Submitted by:** @{triggerOutputs()?['body/Author/DisplayName']}\n- **Department:** @{triggerOutputs()?['body/Author/Department']}\n- **Job Title:** @{triggerOutputs()?['body/Author/JobTitle']}\n- **Requested quota:** @{triggerOutputs()?['body/Quota_x0028_GB_x0029_/Value']}GB",
              "WebhookApprovalCreationInput/itemLink": "@triggerOutputs()?['body/{Link}']",
              "WebhookApprovalCreationInput/itemLinkDescription": "Click the link for more details",
              "WebhookApprovalCreationInput/requestor": "@{triggerOutputs()?['body/Author/Email']};",
              "WebhookApprovalCreationInput/enableNotifications": true
            },
            "authentication": "@parameters('$authentication')"
          }
        },
        "Condition": {
          "actions": {
            "Condition_2": {
              "actions": {
                "Create_a_team": {
                  "runAfter": {},
                  "metadata": {
                    "operationMetadataId": "cc38201a-4862-47d7-b072-c67b8050c40c"
                  },
                  "type": "OpenApiConnection",
                  "inputs": {
                    "host": {
                      "connectionName": "shared_teams-1",
                      "operationId": "CreateATeam",
                      "apiId": "/providers/Microsoft.PowerApps/apis/shared_teams"
                    },
                    "parameters": {
                      "body/displayName": "@{triggerOutputs()?['body/GroupPrefix/Value']}@{triggerOutputs()?['body/Title']}",
                      "body/description": "@triggerOutputs()?['body/Businessjustification']",
                      "body/visibility": "Private"
                    },
                    "authentication": "@parameters('$authentication')"
                  }
                },
                "Add_a_creator_to_a_team_as_Owner": {
                  "runAfter": {
                    "Create_a_team": [
                      "Succeeded"
                    ]
                  },
                  "metadata": {
                    "operationMetadataId": "9289fb73-34f6-4536-91ef-75e4be6a3e74"
                  },
                  "type": "OpenApiConnection",
                  "inputs": {
                    "host": {
                      "connectionName": "shared_teams-1",
                      "operationId": "AddMemberToTeam",
                      "apiId": "/providers/Microsoft.PowerApps/apis/shared_teams"
                    },
                    "parameters": {
                      "teamId": "@outputs('Create_a_team')?['body/newTeamId']",
                      "body/userId": "@variables('varUPN')",
                      "body/owner": true
                    },
                    "authentication": "@parameters('$authentication')"
                  }
                },
                "Get_a_team": {
                  "runAfter": {
                    "Add_a_member_to_a_team": [
                      "Succeeded"
                    ]
                  },
                  "metadata": {
                    "operationMetadataId": "4f90c43a-3813-4c87-8757-6bdc415303e3"
                  },
                  "type": "OpenApiConnection",
                  "inputs": {
                    "host": {
                      "connectionName": "shared_teams-1",
                      "operationId": "GetTeam",
                      "apiId": "/providers/Microsoft.PowerApps/apis/shared_teams"
                    },
                    "parameters": {
                      "teamId": "@outputs('Create_a_team')?['body/newTeamId']"
                    },
                    "authentication": "@parameters('$authentication')"
                  }
                },
                "Send_confirmation_email": {
                  "runAfter": {
                    "Get_a_team": [
                      "Succeeded"
                    ]
                  },
                  "metadata": {
                    "operationMetadataId": "0d24bf5b-2a73-41c8-bf2c-66f17a53f505"
                  },
                  "type": "OpenApiConnection",
                  "inputs": {
                    "host": {
                      "connectionName": "shared_office365",
                      "operationId": "SendEmailV2",
                      "apiId": "/providers/Microsoft.PowerApps/apis/shared_office365"
                    },
                    "parameters": {
                      "emailMessage/To": "@triggerOutputs()?['body/Author/Email']",
                      "emailMessage/Subject": "Your Teams was approved and created",
                      "emailMessage/Body": "<p class=\"editor-paragraph\">Your Teams was approved and created</p><br><p class=\"editor-paragraph\">Team name: @{outputs('Get_a_team')?['body/displayName']}</p><p class=\"editor-paragraph\">Team link: <a href=\"@{outputs('Get_a_team')?['body/webUrl']}\">Teams link</a></p>",
                      "emailMessage/Importance": "Normal"
                    },
                    "authentication": "@parameters('$authentication')"
                  }
                },
                "For_each_1": {
                  "foreach": "@outputs('Start_and_wait_for_an_approval_by_IT')?['body/responses']",
                  "actions": {
                    "Set_Teams_Status_to_Approved_and_update_teams_URL": {
                      "runAfter": {},
                      "metadata": {
                        "operationMetadataId": "0f15aeb7-0201-41fe-9aa0-83a34503e4c9"
                      },
                      "type": "OpenApiConnection",
                      "inputs": {
                        "host": {
                          "connectionName": "shared_sharepointonline_1",
                          "operationId": "PatchItem",
                          "apiId": "/providers/Microsoft.PowerApps/apis/shared_sharepointonline"
                        },
                        "parameters": {
                          "dataset": "@parameters('RequestMSTeams-SPOsite (bd_RequestMSTeamsSPOsite)')",
                          "table": "@parameters('RequestMSTeams-SPOlist (bd_RequestMSTeamsSPOlist)')",
                          "id": "@triggerOutputs()?['body/ID']",
                          "item/Title": "@triggerOutputs()?['body/Title']",
                          "item/Requeststatus/Value": "Approved",
                          "item/ApproverComment": "@items('For_each_1')?['comments']",
                          "item/TeamsURL": "@outputs('Get_a_team')?['body/webUrl']"
                        },
                        "authentication": "@parameters('$authentication')"
                      }
                    }
                  },
                  "runAfter": {
                    "Send_confirmation_email": [
                      "Succeeded"
                    ]
                  },
                  "metadata": {
                    "operationMetadataId": "419f74f3-a43d-450c-a421-49b76d0162df"
                  },
                  "type": "Foreach"
                },
                "Add_a_member_to_a_team": {
                  "runAfter": {
                    "Add_a_creator_to_a_team_as_Owner": [
                      "Succeeded"
                    ]
                  },
                  "metadata": {
                    "operationMetadataId": "403f9fc9-4b5a-4d0a-89d9-d67fc29fb5c3"
                  },
                  "type": "OpenApiConnection",
                  "inputs": {
                    "host": {
                      "connectionName": "shared_teams-1",
                      "operationId": "AddMemberToTeam",
                      "apiId": "/providers/Microsoft.PowerApps/apis/shared_teams"
                    },
                    "parameters": {
                      "teamId": "@outputs('Create_a_team')?['body/newTeamId']",
                      "body/userId": "@variables('varUPN2')",
                      "body/owner": true
                    },
                    "authentication": "@parameters('$authentication')"
                  }
                }
              },
              "runAfter": {},
              "else": {
                "actions": {
                  "Create_SharePoint_site_via_HTTP": {
                    "runAfter": {},
                    "metadata": {
                      "operationMetadataId": "753a5ab8-51e9-47fe-8c15-5bbcec21615d"
                    },
                    "type": "OpenApiConnection",
                    "inputs": {
                      "host": {
                        "connectionName": "shared_sharepointonline_1",
                        "operationId": "HttpRequest",
                        "apiId": "/providers/Microsoft.PowerApps/apis/shared_sharepointonline"
                      },
                      "parameters": {
                        "dataset": "@parameters('RequestMSTeams-SPOrootURL (bd_RequestMSTeamsSPOrootURL)')",
                        "parameters/method": "POST",
                        "parameters/uri": "/_api/SPSiteManager/create",
                        "parameters/headers": {
                          "accept": "application/json;odata=verbose",
                          "content-type": "application/json;odata=verbose"
                        },
                        "parameters/body": "{\n\t\"request\": {\n\t\t\"Title\": \"@{triggerOutputs()?['body/Title']}\",\n\t\t\"Url\": \"@{parameters('RequestMSTeams-SPOrootURL (bd_RequestMSTeamsSPOrootURL)')}/sites/@{triggerOutputs()?['body/Title']}\",\n\t\t\"Description\": \"@{triggerOutputs()?['body/Businessjustification']}\",\n\t\t\"Owner\": \"@{triggerOutputs()?['body/Author/Claims']}\",\n\t\t\"Lcid\": 1033,\n\t\t\"WebTemplate\": \"@{triggerOutputs()?['body/SiteTemplate']}\",\n\t\t\"SiteDesignId\": \"@{guid()}\",\n\t\t\"ShareByEmailEnabled\": false\n\t}\n} "
                      },
                      "authentication": "@parameters('$authentication')"
                    }
                  },
                  "Send_confirmation_email_for_SPO": {
                    "runAfter": {
                      "Set_SPO_site_quota": [
                        "Succeeded"
                      ]
                    },
                    "metadata": {
                      "operationMetadataId": "25260feb-b2b3-479e-97d7-1d97bef42c47"
                    },
                    "type": "OpenApiConnection",
                    "inputs": {
                      "host": {
                        "connectionName": "shared_office365",
                        "operationId": "SendEmailV2",
                        "apiId": "/providers/Microsoft.PowerApps/apis/shared_office365"
                      },
                      "parameters": {
                        "emailMessage/To": "@triggerOutputs()?['body/Author/Email']",
                        "emailMessage/Subject": "Your SharePoint site was approved and created",
                        "emailMessage/Body": "<p class=\"editor-paragraph\">Your SharePoint site was approved and created</p><br><p class=\"editor-paragraph\">Site name: </p><p class=\"editor-paragraph\">Team link: <a href=\"@{parameters('RequestMSTeams-SPOsite (bd_RequestMSTeamsSPOsite)')}/sites/@{triggerOutputs()?['body/Title']}\">Site link</a></p>",
                        "emailMessage/Importance": "Normal"
                      },
                      "authentication": "@parameters('$authentication')"
                    }
                  },
                  "Parse_JSON": {
                    "runAfter": {
                      "Create_SharePoint_site_via_HTTP": [
                        "Succeeded"
                      ]
                    },
                    "metadata": {
                      "operationMetadataId": "2deea9d7-d80d-4a96-a0a9-19b13ead41ad"
                    },
                    "type": "ParseJson",
                    "inputs": {
                      "content": "@body('Create_SharePoint_site_via_HTTP')",
                      "schema": {
                        "type": "object",
                        "properties": {
                          "d": {
                            "type": "object",
                            "properties": {
                              "Create": {
                                "type": "object",
                                "properties": {
                                  "__metadata": {
                                    "type": "object",
                                    "properties": {
                                      "type": {
                                        "type": "string"
                                      }
                                    }
                                  },
                                  "SiteId": {
                                    "type": "string"
                                  },
                                  "SiteStatus": {
                                    "type": "integer"
                                  },
                                  "SiteUrl": {
                                    "type": "string"
                                  }
                                }
                              }
                            }
                          }
                        }
                      }
                    }
                  },
                  "Get_Additional_Owner_ID": {
                    "runAfter": {
                      "Parse_JSON": [
                        "Succeeded"
                      ]
                    },
                    "metadata": {
                      "operationMetadataId": "165cefa5-6bcc-4ca8-b76b-1fcbc333ab7b"
                    },
                    "type": "OpenApiConnection",
                    "inputs": {
                      "host": {
                        "connectionName": "shared_sharepointonline_1",
                        "operationId": "HttpRequest",
                        "apiId": "/providers/Microsoft.PowerApps/apis/shared_sharepointonline"
                      },
                      "parameters": {
                        "dataset": "@body('Parse_JSON')?['d']?['Create']?['SiteUrl']",
                        "parameters/method": "POST",
                        "parameters/uri": "_api/web/ensureuser",
                        "parameters/headers": {
                          "accept": "application/json;odata=verbose",
                          "content-type": "application/json;odata=verbose"
                        },
                        "parameters/body": "{ \n    \"logonName\":\"@{variables('varUPN2')}\"\n}"
                      },
                      "authentication": "@parameters('$authentication')"
                    }
                  },
                  "Parse_JSON_from_Owner_ID": {
                    "runAfter": {
                      "Get_Additional_Owner_ID": [
                        "Succeeded"
                      ]
                    },
                    "metadata": {
                      "operationMetadataId": "a95c43f1-04ce-40db-a3c1-d946324d899c"
                    },
                    "type": "ParseJson",
                    "inputs": {
                      "content": "@body('Get_Additional_Owner_ID')",
                      "schema": {
                        "type": "object",
                        "properties": {
                          "d": {
                            "type": "object",
                            "properties": {
                              "__metadata": {
                                "type": "object",
                                "properties": {
                                  "id": {
                                    "type": "string"
                                  },
                                  "uri": {
                                    "type": "string"
                                  },
                                  "type": {
                                    "type": "string"
                                  }
                                }
                              },
                              "Alerts": {
                                "type": "object",
                                "properties": {
                                  "__deferred": {
                                    "type": "object",
                                    "properties": {
                                      "uri": {
                                        "type": "string"
                                      }
                                    }
                                  }
                                }
                              },
                              "Groups": {
                                "type": "object",
                                "properties": {
                                  "__deferred": {
                                    "type": "object",
                                    "properties": {
                                      "uri": {
                                        "type": "string"
                                      }
                                    }
                                  }
                                }
                              },
                              "Id": {
                                "type": "integer"
                              },
                              "IsHiddenInUI": {
                                "type": "boolean"
                              },
                              "LoginName": {
                                "type": "string"
                              },
                              "Title": {
                                "type": "string"
                              },
                              "PrincipalType": {
                                "type": "integer"
                              },
                              "Email": {
                                "type": "string"
                              },
                              "Expiration": {
                                "type": "string"
                              },
                              "IsEmailAuthenticationGuestUser": {
                                "type": "boolean"
                              },
                              "IsShareByEmailGuestUser": {
                                "type": "boolean"
                              },
                              "IsSiteAdmin": {
                                "type": "boolean"
                              },
                              "UserId": {
                                "type": "object",
                                "properties": {
                                  "__metadata": {
                                    "type": "object",
                                    "properties": {
                                      "type": {
                                        "type": "string"
                                      }
                                    }
                                  },
                                  "NameId": {
                                    "type": "string"
                                  },
                                  "NameIdIssuer": {
                                    "type": "string"
                                  }
                                }
                              },
                              "UserPrincipalName": {
                                "type": "string"
                              }
                            }
                          }
                        }
                      }
                    }
                  },
                  "Add_additional_owner_as_site_Admin": {
                    "runAfter": {
                      "Parse_JSON_from_Owner_ID": [
                        "Succeeded"
                      ]
                    },
                    "metadata": {
                      "operationMetadataId": "36c8ce22-3009-4b98-8a9e-83e81765bda2"
                    },
                    "type": "OpenApiConnection",
                    "inputs": {
                      "host": {
                        "connectionName": "shared_sharepointonline_1",
                        "operationId": "HttpRequest",
                        "apiId": "/providers/Microsoft.PowerApps/apis/shared_sharepointonline"
                      },
                      "parameters": {
                        "dataset": "@body('Parse_JSON')?['d']?['Create']?['SiteUrl']",
                        "parameters/method": "POST",
                        "parameters/uri": "/_api/web/getuserbyid(@{body('Parse_JSON_from_Owner_ID')?['d']?['Id']})",
                        "parameters/headers": {
                          "accept": "application/json;odata=verbose",
                          "content-type": "application/json;odata=verbose",
                          "If-Match": "*",
                          "X-HTTP-Method": "MERGE"
                        },
                        "parameters/body": "{ \n\"__metadata\": { \"type\": \"SP.User\" }, \n\"IsSiteAdmin\": true\n}"
                      },
                      "authentication": "@parameters('$authentication')"
                    }
                  },
                  "Set_SPO_site_quota": {
                    "runAfter": {
                      "Add_additional_owner_as_site_Admin": [
                        "Succeeded"
                      ]
                    },
                    "metadata": {
                      "operationMetadataId": "0867959e-7daf-4f1d-831c-37131c166c59"
                    },
                    "type": "OpenApiConnection",
                    "inputs": {
                      "host": {
                        "connectionName": "shared_sharepointonline_1",
                        "operationId": "HttpRequest",
                        "apiId": "/providers/Microsoft.PowerApps/apis/shared_sharepointonline"
                      },
                      "parameters": {
                        "dataset": "@parameters('RequestMSTeams-SPOTenantSite (bd_RequestMSTeamsSPOTenantSite)')",
                        "parameters/method": "POST",
                        "parameters/uri": "/_api/Microsoft.Online.SharePoint.TenantAdministration.Tenant/Sites('@{body('Parse_JSON')?['d']?['Create']?['SiteId']}')",
                        "parameters/headers": {
                          "Accept": "application/json;odata=nometadata",
                          "Content-Type": "application/json;odata=nometadata",
                          "If-Match": "*",
                          "X-HTTP-Method": "MERGE"
                        },
                        "parameters/body": "{\n\"StorageMaximumLevel\":\"@{variables('varQuota')}\",\n\"StorageWarningLevel\":\"@{variables('varQuotaWarning')}\"\n}"
                      },
                      "authentication": "@parameters('$authentication')"
                    }
                  },
                  "Apply_to_each_2": {
                    "foreach": "@outputs('Start_and_wait_for_an_approval_by_IT')?['body/responses']",
                    "actions": {
                      "Set_SPO_Status_to_Approved_and_update_teams_URL": {
                        "runAfter": {},
                        "metadata": {
                          "operationMetadataId": "b39234fe-b0ef-487d-9698-3f41555f38f3"
                        },
                        "type": "OpenApiConnection",
                        "inputs": {
                          "host": {
                            "connectionName": "shared_sharepointonline_1",
                            "operationId": "PatchItem",
                            "apiId": "/providers/Microsoft.PowerApps/apis/shared_sharepointonline"
                          },
                          "parameters": {
                            "dataset": "@parameters('RequestMSTeams-SPOsite (bd_RequestMSTeamsSPOsite)')",
                            "table": "@parameters('RequestMSTeams-SPOlist (bd_RequestMSTeamsSPOlist)')",
                            "id": "@triggerOutputs()?['body/ID']",
                            "item/Title": "@triggerOutputs()?['body/Title']",
                            "item/Requeststatus/Value": "Approved",
                            "item/ApproverComment": "@items('Apply_to_each_2')?['comments']",
                            "item/SharePointURL": "@body('Parse_JSON')?['d']?['Create']?['SiteUrl']",
                            "item/Quota_x0028_GB_x0029_/Value": "@triggerOutputs()?['body/Quota_x0028_GB_x0029_/Value']"
                          },
                          "authentication": "@parameters('$authentication')"
                        }
                      }
                    },
                    "runAfter": {
                      "Send_confirmation_email_for_SPO": [
                        "Succeeded"
                      ]
                    },
                    "metadata": {
                      "operationMetadataId": "4b4de97f-0a8e-4223-81be-fc9a11560973"
                    },
                    "type": "Foreach"
                  }
                }
              },
              "expression": {
                "and": [
                  {
                    "equals": [
                      "@triggerBody()?['RequestType']",
                      "MS Teams"
                    ]
                  }
                ]
              },
              "metadata": {
                "operationMetadataId": "778d7bc5-0e21-47ca-884a-711f7721904e"
              },
              "type": "If"
            }
          },
          "runAfter": {
            "Start_and_wait_for_an_approval_by_IT": [
              "Succeeded"
            ]
          },
          "else": {
            "actions": {
              "Apply_to_each": {
                "foreach": "@outputs('Start_and_wait_for_an_approval_by_IT')?['body/responses']",
                "actions": {
                  "Send_rejection_email": {
                    "runAfter": {},
                    "metadata": {
                      "operationMetadataId": "92c409a2-b68c-4ffa-8f42-f3391cc1f5eb"
                    },
                    "type": "OpenApiConnection",
                    "inputs": {
                      "host": {
                        "connectionName": "shared_office365",
                        "operationId": "SendEmailV2",
                        "apiId": "/providers/Microsoft.PowerApps/apis/shared_office365"
                      },
                      "parameters": {
                        "emailMessage/To": "@triggerOutputs()?['body/Author/Email']",
                        "emailMessage/Subject": "Your teams request was rejected",
                        "emailMessage/Body": "<p>Teams name: @{triggerOutputs()?['body/GroupPrefix/Value']}@{triggerOutputs()?['body/Title']}<br>\nReason: @{items('Apply_to_each')?['comments']}</p>",
                        "emailMessage/Importance": "Normal"
                      },
                      "authentication": "@parameters('$authentication')"
                    }
                  },
                  "Set_Status_to_Rejected_and_add_comment": {
                    "runAfter": {
                      "Send_rejection_email": [
                        "Succeeded"
                      ]
                    },
                    "metadata": {
                      "operationMetadataId": "f013ca5c-7266-480d-a84a-6cc8be595525"
                    },
                    "type": "OpenApiConnection",
                    "inputs": {
                      "host": {
                        "connectionName": "shared_sharepointonline_1",
                        "operationId": "PatchItem",
                        "apiId": "/providers/Microsoft.PowerApps/apis/shared_sharepointonline"
                      },
                      "parameters": {
                        "dataset": "@parameters('RequestMSTeams-SPOsite (bd_RequestMSTeamsSPOsite)')",
                        "table": "@parameters('RequestMSTeams-SPOlist (bd_RequestMSTeamsSPOlist)')",
                        "id": "@triggerOutputs()?['body/ID']",
                        "item/Title": "@triggerOutputs()?['body/Title']",
                        "item/Requeststatus/Value": "Rejected",
                        "item/ApproverComment": "@items('Apply_to_each')?['comments']"
                      },
                      "authentication": "@parameters('$authentication')"
                    }
                  }
                },
                "runAfter": {},
                "metadata": {
                  "operationMetadataId": "92c938fb-1f1c-4bb4-9a07-f740b00fbbdf"
                },
                "type": "Foreach"
              }
            }
          },
          "expression": {
            "equals": [
              "@outputs('Start_and_wait_for_an_approval_by_IT')?['body/outcome']",
              "Approve, Approve"
            ]
          },
          "metadata": {
            "operationMetadataId": "02171096-2a56-48ba-8dd8-7c70c1cd1a2a"
          },
          "type": "If"
        },
        "InitVarUPN": {
          "runAfter": {},
          "metadata": {
            "operationMetadataId": "9bbe3ab5-b4ba-41e4-929a-c20fa97a40b4"
          },
          "type": "InitializeVariable",
          "inputs": {
            "variables": [
              {
                "name": "varUPN",
                "type": "string",
                "value": "@{replace(triggerOutputs()?['body/Author/Claims'], 'i:0#.f|membership|','')}"
              }
            ]
          }
        },
        "InitVarUPN2": {
          "runAfter": {
            "Get_manager_(V2)": [
              "Succeeded"
            ]
          },
          "metadata": {
            "operationMetadataId": "e41b06d1-bd37-49b6-a70c-d39d973bff47"
          },
          "type": "InitializeVariable",
          "inputs": {
            "variables": [
              {
                "name": "varUPN2",
                "type": "string",
                "value": "@{replace(triggerOutputs()?['body/AdditionalOwner/Claims'], 'i:0#.f|membership|','')}"
              }
            ]
          }
        },
        "InitVarQuota": {
          "runAfter": {
            "InitVarUPN2": [
              "Succeeded"
            ]
          },
          "metadata": {
            "operationMetadataId": "11680bc8-0191-4f4e-9ab4-b9766ed4f00e"
          },
          "type": "InitializeVariable",
          "inputs": {
            "variables": [
              {
                "name": "varQuota",
                "type": "integer",
                "value": "@Mul(int(triggerOutputs()?['body/Quota_x0028_GB_x0029_/Value']),1024)"
              }
            ]
          }
        },
        "InitVarQuotaWarning": {
          "runAfter": {
            "InitVarQuota": [
              "Succeeded"
            ]
          },
          "metadata": {
            "operationMetadataId": "69198731-1b0c-420b-8759-c6aab75b165d"
          },
          "type": "InitializeVariable",
          "inputs": {
            "variables": [
              {
                "name": "varQuotaWarning",
                "type": "string",
                "value": "@{mul(variables('varQuota'),0.9)}"
              }
            ]
          }
        },
        "Get_manager_(V2)": {
          "runAfter": {
            "InitVarUPN": [
              "Succeeded"
            ]
          },
          "metadata": {
            "operationMetadataId": "c7526627-200f-4aed-831b-a1bc6d41378a"
          },
          "type": "OpenApiConnection",
          "inputs": {
            "host": {
              "connectionName": "shared_office365users",
              "operationId": "Manager_V2",
              "apiId": "/providers/Microsoft.PowerApps/apis/shared_office365users"
            },
            "parameters": {
              "id": "@variables('varUPN')"
            },
            "authentication": "@parameters('$authentication')"
          }
        }
      },
      "outputs": {}
    },
    "templateName": ""
  },
  "schemaVersion": "1.0.0.0"
}