{
  "properties": {
    "connectionReferences": {
      "shared_sharepointonline": {
        "runtimeSource": "invoker",
        "connection": {
          "connectionReferenceLogicalName": "bd_sharedsharepointonline_24e20"
        },
        "api": {
          "name": "shared_sharepointonline"
        }
      }
    },
    "definition": {
      "$schema": "https://schema.management.azure.com/providers/Microsoft.Logic/schemas/2016-06-01/workflowdefinition.json#",
      "contentVersion": "1.0.0.0",
      "parameters": {
        "$connections": {
          "defaultValue": {},
          "type": "Object"
        },
        "$authentication": {
          "defaultValue": {},
          "type": "SecureObject"
        },
        "RequestMSTeams-SPOsite (bd_RequestMSTeamsSPOsite)": {
          "defaultValue": "https://bluedemo.sharepoint.com",
          "type": "String",
          "metadata": {
            "schemaName": "bd_RequestMSTeamsSPOsite",
            "description": "SPO site"
          }
        }
      },
      "triggers": {
        "manual": {
          "metadata": {
            "operationMetadataId": "764a899a-40e7-43f7-ae7f-f773417f08a4"
          },
          "type": "Request",
          "kind": "PowerApp",
          "inputs": {
            "schema": {
              "type": "object",
              "properties": {
                "GroupId_Inputs": {
                  "type": "any",
                  "description": "Inputs",
                  "x-ms-powerflows-param-ispartial": false
                }
              },
              "required": [
                "GroupId_Inputs"
              ]
            }
          }
        }
      },
      "actions": {
        "GroupId": {
          "runAfter": {},
          "metadata": {
            "operationMetadataId": "711e6cdb-2cab-432f-82b9-d53dfbe66f01"
          },
          "type": "Compose",
          "inputs": "@triggerBody()['GroupId_Inputs']"
        },
        "Respond_to_a_PowerApp_or_flow": {
          "runAfter": {
            "GetUrl": [
              "Succeeded"
            ]
          },
          "metadata": {
            "operationMetadataId": "d3fdde24-fa33-447e-a5ef-d4f6a8a0df15"
          },
          "type": "Response",
          "kind": "PowerApp",
          "inputs": {
            "statusCode": 200,
            "body": {
              "siteurl": "@{outputs('GetUrl')}"
            },
            "schema": {
              "type": "object",
              "properties": {
                "siteurl": {
                  "title": "SiteUrl",
                  "x-ms-dynamically-added": true,
                  "type": "string"
                }
              }
            }
          }
        },
        "Search": {
          "runAfter": {
            "GroupId": [
              "Succeeded"
            ]
          },
          "metadata": {
            "flowSystemMetadata": {
              "swaggerOperationId": "HttpRequest"
            },
            "operationMetadataId": "8c9843ce-8017-40d0-8bef-6fa59f2caef9"
          },
          "type": "ApiConnection",
          "inputs": {
            "host": {
              "connection": {
                "name": "@json(decodeBase64(triggerOutputs().headers['X-MS-APIM-Tokens']))['$connections']['shared_sharepointonline']['connectionId']"
              }
            },
            "method": "post",
            "body": {
              "method": "GET",
              "uri": "_api/search/query?querytext='contentclass:sts_site groupid:@{outputs('GroupId')}'&selectproperties='Title,Path'",
              "headers": {
                "Accept": "application/xml"
              }
            },
            "path": "/datasets/@{encodeURIComponent(encodeURIComponent(parameters('RequestMSTeams-SPOsite (bd_RequestMSTeamsSPOsite)'),'/'))}/httprequest",
            "authentication": {
              "type": "Raw",
              "value": "@json(decodeBase64(triggerOutputs().headers['X-MS-APIM-Tokens']))['$ConnectionKey']"
            }
          }
        },
        "GetUrl": {
          "runAfter": {
            "Search": [
              "Succeeded"
            ]
          },
          "metadata": {
            "operationMetadataId": "097b60a8-e37d-4960-89dc-cbddbc564790"
          },
          "type": "Compose",
          "inputs": "@first(xpath(body('Search'),'//*[local-name()=\"element\"][*[local-name()=\"Key\"]=\"Path\"]/*[local-name()=\"Value\"]/text()'))"
        }
      }
    },
    "templateName": ""
  },
  "schemaVersion": "1.0.0.0"
}