<environmentvariabledefinition schemaname="bd_RequestMSTeamsSPOsite">
  <apiid>/providers/microsoft.powerapps/apis/shared_sharepointonline</apiid>
  <description default="SPO site">
    <label description="SPO site" languagecode="1033" />
  </description>
  <displayname default="RequestMSTeams-SPOsite">
    <label description="RequestMSTeams-SPOsite" languagecode="1033" />
  </displayname>
  <introducedversion>1.0.0.0</introducedversion>
  <iscustomizable>1</iscustomizable>
  <isrequired>0</isrequired>
  <parameterkey>dataset</parameterkey>
  <secretstore>0</secretstore>
  <type>100000004</type>
</environmentvariabledefinition>