<environmentvariabledefinition schemaname="bd_RequestMSTeamsSPOTenantSite">
  <apiid>/providers/microsoft.powerapps/apis/shared_sharepointonline</apiid>
  <description default="https://&lt;tenant&gt;-admin.sharepoint.com">
    <label description="https://&lt;tenant&gt;-admin.sharepoint.com" languagecode="1033" />
  </description>
  <displayname default="RequestMSTeams-SPOTenantSite">
    <label description="RequestMSTeams-SPOTenantSite" languagecode="1033" />
  </displayname>
  <introducedversion>1.0.0.1</introducedversion>
  <iscustomizable>1</iscustomizable>
  <isrequired>0</isrequired>
  <parameterkey>dataset</parameterkey>
  <secretstore>0</secretstore>
  <type>100000004</type>
</environmentvariabledefinition>