<environmentvariabledefinition schemaname="bd_RequestMSTeamsSPOrootURL">
  <apiid>/providers/microsoft.powerapps/apis/shared_sharepointonline</apiid>
  <description default="https://&lt;tenant&gt;.sharepoint.com">
    <label description="https://&lt;tenant&gt;.sharepoint.com" languagecode="1033" />
  </description>
  <displayname default="RequestMSTeams-SPOrootURL">
    <label description="RequestMSTeams-SPOrootURL" languagecode="1033" />
  </displayname>
  <introducedversion>1.0.0.0</introducedversion>
  <iscustomizable>1</iscustomizable>
  <isrequired>0</isrequired>
  <parameterkey>dataset</parameterkey>
  <secretstore>0</secretstore>
  <type>100000004</type>
</environmentvariabledefinition>