<ImportExportXml xmlns:xsi="http://www.w3.org/2001/XMLSchema-instance" OrganizationVersion="9.2.25021.196" OrganizationSchemaType="Standard" CRMServerServiceabilityVersion="9.2.25021.00196">
  <Entities></Entities>
  <Roles></Roles>
  <Workflows>
    <Workflow WorkflowId="{a4f76ec1-7f84-ef11-ac20-7c1e52268def}" Name="RequestMSTeams-ApprovalProcess" Description="Start approval and if approved create teams, notify user and update request status">
      <JsonFileName>/Workflows/RequestMSTeams-ApprovalProcess-A4F76EC1-7F84-EF11-AC20-7C1E52268DEF.json</JsonFileName>
      <Type>1</Type>
      <Subprocess>0</Subprocess>
      <Category>5</Category>
      <Mode>0</Mode>
      <Scope>4</Scope>
      <OnDemand>0</OnDemand>
      <TriggerOnCreate>0</TriggerOnCreate>
      <TriggerOnDelete>0</TriggerOnDelete>
      <AsyncAutodelete>0</AsyncAutodelete>
      <SyncWorkflowLogOnFailure>0</SyncWorkflowLogOnFailure>
      <StateCode>1</StateCode>
      <StatusCode>2</StatusCode>
      <RunAs>1</RunAs>
      <IsTransacted>1</IsTransacted>
      <IntroducedVersion>1.0.0.0</IntroducedVersion>
      <IsCustomizable>1</IsCustomizable>
      <IsCustomProcessingStepAllowedForOtherPublishers>1</IsCustomProcessingStepAllowedForOtherPublishers>
      <PrimaryEntity>none</PrimaryEntity>
      <LocalizedNames>
        <LocalizedName languagecode="1033" description="RequestMSTeams-ApprovalProcess" />
      </LocalizedNames>
      <Descriptions>
        <Description languagecode="1033" description="Start approval and if approved create teams, notify user and update request status" />
      </Descriptions>
    </Workflow>
    <Workflow WorkflowId="{3cb9a72d-7485-ef11-ac20-7c1e52268def}" Name="RequestMSTeams-GetSPOUrl" Description="This flow is triggered by PowerApp when user selects specific request, and it will retrieve SPO site based on Group ID">
      <JsonFileName>/Workflows/RequestMSTeams-GetSPOUrl-3CB9A72D-7485-EF11-AC20-7C1E52268DEF.json</JsonFileName>
      <Type>1</Type>
      <Subprocess>0</Subprocess>
      <Category>5</Category>
      <Mode>0</Mode>
      <Scope>4</Scope>
      <OnDemand>0</OnDemand>
      <TriggerOnCreate>0</TriggerOnCreate>
      <TriggerOnDelete>0</TriggerOnDelete>
      <AsyncAutodelete>0</AsyncAutodelete>
      <SyncWorkflowLogOnFailure>0</SyncWorkflowLogOnFailure>
      <StateCode>1</StateCode>
      <StatusCode>2</StatusCode>
      <RunAs>1</RunAs>
      <IsTransacted>1</IsTransacted>
      <IntroducedVersion>1.0.0.0</IntroducedVersion>
      <IsCustomizable>1</IsCustomizable>
      <IsCustomProcessingStepAllowedForOtherPublishers>1</IsCustomProcessingStepAllowedForOtherPublishers>
      <PrimaryEntity>none</PrimaryEntity>
      <LocalizedNames>
        <LocalizedName languagecode="1033" description="RequestMSTeams-GetSPOUrl" />
      </LocalizedNames>
      <Descriptions>
        <Description languagecode="1033" description="This flow is triggered by PowerApp when user selects specific request, and it will retrieve SPO site based on Group ID" />
      </Descriptions>
    </Workflow>
  </Workflows>
  <FieldSecurityProfiles></FieldSecurityProfiles>
  <Templates />
  <EntityMaps />
  <EntityRelationships />
  <OrganizationSettings />
  <optionsets />
  <CustomControls />
  <EntityDataProviders />
  <CanvasApps>
    <CanvasApp>
      <Name>bd_requestmsteams_4f841</Name>
      <AppVersion>2025-03-04T11:55:43Z</AppVersion>
      <Status>Ready</Status>
      <CreatedByClientVersion>3.25023.6.0</CreatedByClientVersion>
      <MinClientVersion>3.25023.6.0</MinClientVersion>
      <Tags>{"primaryDeviceWidth":"1366","primaryDeviceHeight":"768","supportsPortrait":"true","supportsLandscape":"true","primaryFormFactor":"Tablet","showStatusBar":"false","publisherVersion":"3.25023.6","minimumRequiredApiVersion":"2.2.0","hasComponent":"false","hasUnlockedComponent":"false","isUnifiedRootApp":"false","sienaVersion":"20250304T095410Z-3.25023.6.0"}</Tags>
      <IsCdsUpgraded>0</IsCdsUpgraded>
      <GalleryItemId xsi:nil="true"></GalleryItemId>
      <BackgroundColor>rgba(3, 108, 112, 1)</BackgroundColor>
      <DisplayName>Request SPO</DisplayName>
      <Description>Use this app to submit requests for SPO site. Your request will be reviewed by your approver.</Description>
      <CommitMessage xsi:nil="true"></CommitMessage>
      <Publisher></Publisher>
      <AuthorizationReferences>[]</AuthorizationReferences>
      <ConnectionReferences>{"a56a8561-4a6e-4f1e-b866-92e9e2c704c4":{"id":"/providers/microsoft.powerapps/apis/shared_sharepointonline","displayName":"SharePoint","iconUri":"https://conn-afd-prod-endpoint-bmc9bqahasf3grgk.b01.azurefd.net/releases/v1.0.1732/1.0.1732.4070/sharepointonline/icon.png","dataSources":["RequestMSTeams-SPOlist","RequestMSTeams-SPOapproverslist","RequestMSTeams-SPOListSettings"],"dependencies":[],"dependents":["ebb665d6-e176-4b23-a884-fca25aca600c"],"parameterHints":{},"parameterHintsV2":{},"isOnPremiseConnection":false,"bypassConsent":false,"dataSets":{"https://bluedemo.sharepoint.com_bd_RequestMSTeamsSPOsite":{"datasetOverride":{"name":"https://bluedemo.sharepoint.com","environmentVariableName":"bd_RequestMSTeamsSPOsite"},"dataSources":{"RequestMSTeams-SPOlist":{"tableName":"8e776703-dc78-4ecc-b491-0e78a157bf4a","tableNameOverride":{"name":"8e776703-dc78-4ecc-b491-0e78a157bf4a","environmentVariableName":"bd_RequestMSTeamsSPOlist"}},"RequestMSTeams-SPOapproverslist":{"tableName":"46725ac1-0c25-4374-9949-2beaa73f2871","tableNameOverride":{"name":"46725ac1-0c25-4374-9949-2beaa73f2871","environmentVariableName":"bd_RequestMSTeamsSPOapproverslist"}},"RequestMSTeams-SPOListSettings":{"tableName":"e59e318e-9e4f-495d-a918-329aa475adf3","tableNameOverride":{"name":"e59e318e-9e4f-495d-a918-329aa475adf3","environmentVariableName":"bd_RequestMSTeamsSPOListSettings"}}}}},"apiTier":"Standard","actions":["providers/PowerPlatform.Governance/Operations/Read","providers/PowerPlatform.Governance/Operations/Write","providers/PowerPlatform.Governance/Operations/Delete"]},"ebb665d6-e176-4b23-a884-fca25aca600c":{"id":"/providers/microsoft.powerapps/apis/shared_logicflows","displayName":"Logic flows","iconUri":"https://conn-afd-prod-endpoint-bmc9bqahasf3grgk.b01.azurefd.net/releases/v1.0.1725/1.0.1725.4004/logicflows/icon.png","dataSources":["RequestMSTeams-GetSPOUrl"],"dependencies":["a56a8561-4a6e-4f1e-b866-92e9e2c704c4"],"dependents":[],"parameterHints":{"workflowName":{"value":"b73e0173-de0e-40b0-a692-9a9802a3afb0"},"workflowEntityId":{"value":"3cb9a72d-7485-ef11-ac20-7c1e52268def"},"workflowDisplayName":{"value":"RequestMSTeams-GetSPOUrl"},"a56a8561-4a6e-4f1e-b866-92e9e2c704c4":{"value":"shared_sharepointonline"}},"parameterHintsV2":{"workflowName":{"value":"b73e0173-de0e-40b0-a692-9a9802a3afb0"},"workflowEntityId":{"value":"3cb9a72d-7485-ef11-ac20-7c1e52268def"},"workflowDisplayName":{"value":"RequestMSTeams-GetSPOUrl"},"shared_sharepointonline":{"value":"a56a8561-4a6e-4f1e-b866-92e9e2c704c4"}},"isOnPremiseConnection":false,"bypassConsent":false,"dataSets":{},"apiTier":"Standard","actions":["Run"]},"3f6bb417-4120-455c-a533-0f8955f564b1":{"id":"/providers/microsoft.powerapps/apis/shared_office365users","displayName":"Office 365 Users","iconUri":"https://conn-afd-prod-endpoint-bmc9bqahasf3grgk.b01.azurefd.net/releases/v1.0.1732/1.0.1732.4070/office365users/icon.png","dataSources":["Office365Users"],"dependencies":[],"dependents":[],"parameterHints":{},"parameterHintsV2":{},"isOnPremiseConnection":false,"bypassConsent":false,"dataSets":{},"apiTier":"Standard","actions":["MyProfile_V2","SearchUserV2"]}}</ConnectionReferences>
      <DatabaseReferences>{}</DatabaseReferences>
      <AppComponents>[]</AppComponents>
      <AppComponentDependencies>[]</AppComponentDependencies>
      <CanConsumeAppPass>1</CanConsumeAppPass>
      <CanvasAppType>0</CanvasAppType>
      <BypassConsent>0</BypassConsent>
      <AdminControlBypassConsent>0</AdminControlBypassConsent>
      <EmbeddedApp xsi:nil="true"></EmbeddedApp>
      <IntroducedVersion>1.0</IntroducedVersion>
      <CdsDependencies>{"cdsdependencies":[{"dependencyid":"3cb9a72d-7485-ef11-ac20-7c1e52268def","componenttype":29,"componenttypeplatformname":"Workflow"},{"logicalname":"bd_RequestMSTeamsSPOsite","componenttype":380,"componenttypeplatformname":"EnvironmentVariableDefinition"},{"logicalname":"bd_RequestMSTeamsSPOlist","componenttype":380,"componenttypeplatformname":"EnvironmentVariableDefinition"},{"logicalname":"bd_RequestMSTeamsSPOapproverslist","componenttype":380,"componenttypeplatformname":"EnvironmentVariableDefinition"},{"logicalname":"bd_RequestMSTeamsSPOListSettings","componenttype":380,"componenttypeplatformname":"EnvironmentVariableDefinition"}]}</CdsDependencies>
      <IsCustomizable>1</IsCustomizable>
      <BackgroundImageUri>/CanvasApps/bd_requestmsteams_4f841_BackgroundImageUri</BackgroundImageUri>
      <DocumentUri>/CanvasApps/bd_requestmsteams_4f841_DocumentUri.msapp</DocumentUri>
      <AdditionalUris>
        <AdditionalUri>/CanvasApps/bd_requestmsteams_4f841_AdditionalUris0_identity.json</AdditionalUri>
      </AdditionalUris>
    </CanvasApp>
  </CanvasApps>
  <connectionreferences>
    <connectionreference connectionreferencelogicalname="bd_sharedapprovals_af6c0">
      <connectionreferencedisplayname>RequestMSTeams-Approvals</connectionreferencedisplayname>
      <connectorid>/providers/Microsoft.PowerApps/apis/shared_approvals</connectorid>
      <iscustomizable>1</iscustomizable>
      <promptingbehavior>0</promptingbehavior>
      <statecode>0</statecode>
      <statuscode>1</statuscode>
    </connectionreference>
    <connectionreference connectionreferencelogicalname="bd_sharedoffice365_926eb">
      <connectionreferencedisplayname>RequestMSTeams-Office365Outlook </connectionreferencedisplayname>
      <connectorid>/providers/Microsoft.PowerApps/apis/shared_office365</connectorid>
      <iscustomizable>1</iscustomizable>
      <promptingbehavior>0</promptingbehavior>
      <statecode>0</statecode>
      <statuscode>1</statuscode>
    </connectionreference>
    <connectionreference connectionreferencelogicalname="bd_sharedoffice365users_37749">
      <connectionreferencedisplayname>Office 365 Users RequestMSTeams-37749</connectionreferencedisplayname>
      <connectorid>/providers/Microsoft.PowerApps/apis/shared_office365users</connectorid>
      <iscustomizable>1</iscustomizable>
      <promptingbehavior>0</promptingbehavior>
      <statecode>0</statecode>
      <statuscode>1</statuscode>
    </connectionreference>
    <connectionreference connectionreferencelogicalname="bd_sharedsharepointonline_24e20">
      <connectionreferencedisplayname>RequestMSTeams-SharePoint</connectionreferencedisplayname>
      <connectorid>/providers/Microsoft.PowerApps/apis/shared_sharepointonline</connectorid>
      <iscustomizable>1</iscustomizable>
      <promptingbehavior>0</promptingbehavior>
      <statecode>0</statecode>
      <statuscode>1</statuscode>
    </connectionreference>
    <connectionreference connectionreferencelogicalname="bd_sharedteams_73012">
      <connectionreferencedisplayname>RequestMSTeams-MicrosoftTeams</connectionreferencedisplayname>
      <connectorid>/providers/Microsoft.PowerApps/apis/shared_teams</connectorid>
      <iscustomizable>1</iscustomizable>
      <promptingbehavior>0</promptingbehavior>
      <statecode>0</statecode>
      <statuscode>1</statuscode>
    </connectionreference>
  </connectionreferences>
  <Languages>
    <Language>1033</Language>
  </Languages>
</ImportExportXml>