<environmentvariabledefinition schemaname="bd_RequestMSTeamsSPOlist">
  <apiid>/providers/microsoft.powerapps/apis/shared_sharepointonline</apiid>
  <description default="SPO list">
    <label description="SPO list" languagecode="1033" />
  </description>
  <displayname default="RequestMSTeams-SPOlist">
    <label description="RequestMSTeams-SPOlist" languagecode="1033" />
  </displayname>
  <introducedversion>1.0.0.0</introducedversion>
  <iscustomizable>1</iscustomizable>
  <isrequired>0</isrequired>
  <parameterkey>table</parameterkey>
  <parentdefinitionid>
    <schemaname>bd_RequestMSTeamsSPOsite</schemaname>
  </parentdefinitionid>
  <secretstore>0</secretstore>
  <type>100000004</type>
</environmentvariabledefinition>